name,datetime,tempmax,tempmin,temp,feelslikemax,feelslikemin,feelslike,dew,humidity,precip,precipprob,precipcover,preciptype,snow,snowdepth,windgust,windspeed,winddir,sealevelpressure,cloudcover,visibility,solarradiation,solarenergy,uvindex,severerisk,sunrise,sunset,moonphase,conditions,description,icon,stations
Saginaw,2024-03-01,9.3,-2.2,3.5,6.4,-6.5,0,-6.6,49.9,0,0,0,,0,0,37.1,23.2,184.4,1024.4,22.8,16,116.3,10,5,10,2024-03-01T07:11:09,2024-03-01T18:25:33,0.71,Partially cloudy,Partly cloudy throughout the day.,partly-cloudy-day,"KMBS,KFNT,F3078,72637914845,72637014826,72062900216"
Saginaw,2024-03-02,11.8,3.9,6.9,11.8,1.8,5.4,0.5,64.2,0,0,0,,0,0,25.9,15.5,187.7,1019.4,59.5,16,98.9,8.6,5,10,2024-03-02T07:09:28,2024-03-02T18:26:49,0.74,Partially cloudy,Partly cloudy throughout the day.,partly-cloudy-day,"KMBS,KFNT,F3078,72637914845,72637014826,72062900216"
Saginaw,2024-03-03,16.6,3.7,9.2,16.6,1,7.3,4.2,72.6,0,0,0,,0,0,48.1,31.2,151,1018,21.8,15.3,97.8,8.4,5,10,2024-03-03T07:07:47,2024-03-03T18:28:05,0.75,Partially cloudy,Partly cloudy throughout the day.,partly-cloudy-day,"KMBS,KFNT,F3078,72637914845,72637014826,72062900216"
Saginaw,2024-03-04,21,8.3,14.4,21,5.9,13.5,9.1,71.3,0,0,0,,0,0,51.4,27.7,180.9,1014.3,29.1,16,98.3,8.5,5,10,2024-03-04T07:06:05,2024-03-04T18:29:20,0.81,Partially cloudy,Becoming cloudy in the afternoon.,partly-cloudy-day,"KMBS,KFNT,F3078,72637914845,72637014826,72062900216"
Saginaw,2024-03-05,16.8,5,8.8,16.8,1.1,6.4,6.2,84.4,9.322,100,33.33,rain,0,0,50,24.8,43.4,1014.5,82.5,12.9,30.5,2.7,2,10,2024-03-05T07:04:22,2024-03-05T18:30:35,0.84,"Rain, Partially cloudy",Partly cloudy throughout the day with rain.,rain,"KMBS,KFNT,F3078,72637914845,72637014826,72062900216"
Saginaw,2024-03-06,6.7,2.7,3.9,2.5,-2.3,-0.7,-1,70.9,0.066,100,4.17,rain,0,0,53.6,36.8,39.4,1020,61.1,16,71.6,6.2,3,10,2024-03-06T07:02:39,2024-03-06T18:31:50,0.88,"Rain, Partially cloudy",Partly cloudy throughout the day with afternoon rain.,rain,"KMBS,KFNT,F3078,72637914845,72637014826,72212504829,72062900216"
Saginaw,2024-03-07,7.9,0.9,3.7,4.9,-3.1,0.1,-0.6,73.9,0,0,0,,0,0,27.7,23.7,39.8,1021.7,42.8,16,103.8,8.9,6,10,2024-03-07T07:00:56,2024-03-07T18:33:05,0.91,Partially cloudy,Partly cloudy throughout the day.,partly-cloudy-day,"KMBS,KFNT,F3078,72637914845,72637014826,72212504829,72062900216"
Saginaw,2024-03-08,8,1.3,5.3,6.5,-0.8,3.1,2.9,84.8,16.199,100,41.67,rain,0,0,25.9,15.7,72.6,1016.4,90.2,12,28.1,2.4,1,10,2024-03-08T06:59:12,2024-03-08T18:34:20,0.94,"Rain, Overcast",Cloudy skies throughout the day with rain.,rain,"KMBS,KFNT,F3078,72637914845,72637014826,72062900216"
Saginaw,2024-03-09,10.9,-0.5,4.6,10.9,-5.9,0.4,2.1,84.2,4.584,100,33.33,rain,0,0,46.4,27.1,288.2,1005.1,100,13.7,41.1,3.5,2,10,2024-03-09T06:57:27,2024-03-09T18:35:34,0.98,"Rain, Overcast",Cloudy skies throughout the day with rain clearing later.,rain,"KMBS,KFNT,F3078,72637914845,72637014826,72212504829,72062900216,KHYX"
Saginaw,2024-03-10,2.9,-2,0.1,-2.9,-8.7,-6.1,-5.3,68.3,0.32,100,16.67,"rain,snow",3.4,0.1,69.3,41,309.2,1011.8,70.2,11.7,84,6.9,3,10,2024-03-10T07:55:42,2024-03-10T19:36:48,0,"Snow, Rain, Partially cloudy",Partly cloudy throughout the day with rain or snow clearing later.,snow,"KMBS,KFNT,F3078,72637914845,72637014826,72212504829,72062900216"
Saginaw,2024-03-11,13.4,-2.9,4.5,13.4,-7.4,2,-3.2,59.2,0,0,0,,0,0,40.7,27.4,233,1016.6,0,16,130.1,11.2,5,10,2024-03-11T07:53:57,2024-03-11T19:38:02,0.04,Clear,Clear conditions throughout the day.,clear-day,"KMBS,KFNT,F3078,72637914845,72637014826,72062900216"
Saginaw,2024-03-12,20.7,4.7,11.8,20.7,2.7,11,2.9,57.1,0,0,0,,0,0,51.2,33.4,219.1,1009,0,16,117,10.1,5,10,2024-03-12T07:52:11,2024-03-12T19:39:15,0.08,Clear,Clear conditions throughout the day.,clear-day,"KMBS,KFNT,F3078,72637914845,72637014826,72062900216"
Saginaw,2024-03-13,19.1,4.9,12.7,19.1,3.2,12.3,1,49.1,0,0,0,,0,0,29.5,15.5,248.5,1010.7,0.8,16,141.5,12.2,5,10,2024-03-13T07:50:25,2024-03-13T19:40:28,0.11,Clear,Clear conditions throughout the day.,clear-day,"KMBS,KFNT,F3078,72637914845,72637014826,72062900216"
Saginaw,2024-03-14,9.3,5.3,7.2,7.4,0.3,4.1,3.8,79.6,16.438,100,45.83,rain,0,0,50.9,33.3,44.3,1014.1,96.7,13.3,16.8,1.5,1,10,2024-03-14T07:48:38,2024-03-14T19:41:41,0.14,"Rain, Overcast",Cloudy skies throughout the day with rain.,rain,"KMBS,KFNT,F3078,72637914845,72637014826,72062900216"
Saginaw,2024-03-15,9.3,1.2,4.5,8.3,-2.6,2.1,0.7,77.5,0,0,0,,0,0,37.1,19.9,348.6,1016.8,48.1,16,92.3,8,6,10,2024-03-15T07:46:52,2024-03-15T19:42:54,0.18,Partially cloudy,Partly cloudy throughout the day.,partly-cloudy-day,"KMBS,KFNT,F3078,72637914845,72637014826,72062900216"
Saginaw,2024-03-16,11.8,0.9,6.1,11.8,-2.5,3.5,-0.2,65.6,0,0,0,,0,0,65.2,41.9,239.3,1005.9,54.8,16,86.2,7.4,5,10,2024-03-16T07:45:05,2024-03-16T19:44:07,0.21,Partially cloudy,Partly cloudy throughout the day.,partly-cloudy-day,"KMBS,KFNT,F3078,72637914845,72637014826,72062900216"
Saginaw,2024-03-17,4.4,-1.6,1.3,0.2,-8,-3.3,-5.2,61.8,0.05,100,8.33,"rain,snow",1,0,53.6,25.7,296.3,1006.7,97.7,15.3,41.5,3.6,2,10,2024-03-17T07:43:18,2024-03-17T19:45:20,0.25,"Snow, Rain, Overcast",Cloudy skies throughout the day with rain or snow.,snow,"KMBS,KFNT,F3078,72637914845,72637014826,72212504829,72062900216"
Saginaw,2024-03-18,1.1,-3.3,-1.1,-4,-10.3,-6.5,-7.2,63.8,0.025,100,4.17,"rain,snow",0,0,38.9,25.8,296.5,1014,96.1,15.5,48,4.2,2,10,2024-03-18T07:41:31,2024-03-18T19:46:32,0.28,"Snow, Rain, Overcast",Cloudy skies throughout the day with morning rain or snow.,rain,"KMBS,KFNT,F3078,72637914845,72637014826,72062900216"
Saginaw,2024-03-19,5,-1.1,1.7,0.5,-6.5,-3.4,-6,57.2,0,0,0,,0,0,57,34.1,242,1005.4,86.6,16,66.6,5.6,3,10,2024-03-19T07:39:43,2024-03-19T19:47:44,0.31,Partially cloudy,Partly cloudy throughout the day.,partly-cloudy-day,"KMBS,KFNT,F3078,72637914845,72637014826,72062900216"
Saginaw,2024-03-20,1.7,-4.9,-1.4,-1.3,-11.4,-7.6,-9.9,53.4,0.09,100,8.33,"rain,snow",0.5,0,58.9,38.1,312.9,1011.8,79.2,15.4,110.3,9.6,6,10,2024-03-20T07:37:56,2024-03-20T19:48:56,0.34,"Snow, Rain, Partially cloudy",Partly cloudy throughout the day with morning rain or snow.,snow,"KMBS,KFNT,F3078,72637914845,72637014826,72062900216"
Saginaw,2024-03-21,1.6,-6.8,-2.9,-0.9,-11.4,-6.8,-12.7,48,0,0,0,,0,0,37.1,19.9,283.1,1026,58.8,16,109.7,9.5,5,10,2024-03-21T07:36:08,2024-03-21T19:50:08,0.38,Partially cloudy,Partly cloudy throughout the day.,partly-cloudy-day,"KMBS,KFNT,F3078,72637914845,72637014826,72062900216"
Saginaw,2024-03-22,-1.1,-4.4,-2.5,-2.7,-8.7,-6,-5.5,80.7,5.782,100,62.5,"rain,snow",17.4,5,25.9,16.1,105.4,1023.9,83.8,7.2,36.4,3.2,3,10,2024-03-22T07:34:21,2024-03-22T19:51:20,0.41,"Snow, Rain, Partially cloudy",Partly cloudy throughout the day with rain or snow.,snow,"KMBS,KFNT,F3078,72637914845,72637014826,72062900216"
Saginaw,2024-03-23,2,-6.8,-1.8,1.5,-11.5,-5.3,-8.1,65.4,0,0,0,snow,0.3,7.6,35.3,18.4,354.2,1024.4,46.5,15.2,144.6,12.5,7,10,2024-03-23T07:32:33,2024-03-23T19:52:32,0.45,Partially cloudy,Partly cloudy throughout the day.,partly-cloudy-day,"KMBS,KFNT,F3078,72637914845,72637014826,72062900216"
Saginaw,2024-03-24,3.8,-6.2,-1,-0.9,-10.6,-5.6,-7.5,62.3,0,0,0,,0,1.4,40.7,25,118.1,1026,57.4,16,134.3,11.6,6,10,2024-03-24T07:30:45,2024-03-24T19:53:43,0.48,Partially cloudy,Partly cloudy throughout the day.,partly-cloudy-day,"KMBS,KFNT,F3078,72637914845,72637014826,72062900216"
Saginaw,2024-03-25,16.1,-0.4,7.6,16.1,-5,5.6,-2.2,51.2,0,0,0,,0,1.9,46.4,28.5,137.7,1015.1,24.5,16,112.1,9.8,5,10,2024-03-25T07:28:58,2024-03-25T19:54:55,0.5,Partially cloudy,Becoming cloudy in the afternoon.,partly-cloudy-day,"KMBS,KFNT,F3078,72637914845,72637014826,72212504829,72062900216"
Saginaw,2024-03-26,15.6,6.5,11.1,15.6,1.9,9.8,4.4,64.8,9.58,100,29.17,rain,0,0,68.1,39,174.5,1003.2,80.4,15.3,43.8,3.9,2,10,2024-03-26T07:27:11,2024-03-26T19:56:06,0.55,"Rain, Partially cloudy",Partly cloudy throughout the day with rain.,rain,"KMBS,KFNT,F3078,72637914845,72637014826,72062900216"
Saginaw,2024-03-27,6.7,0.4,2.1,2.5,-5,-3.1,-2.9,69.5,0,0,0,,0,0,52.7,33,239.4,1013.1,95.4,16,27.2,2.4,1,10,2024-03-27T07:25:23,2024-03-27T19:57:17,0.58,Overcast,Cloudy skies throughout the day.,cloudy,"KMBS,KFNT,F3078,72637914845,72637014826,72062900216"
Saginaw,2024-03-28,7.2,-1.7,2.2,3.2,-5.5,-1.9,-6,57.3,0,0,0,,0,0,51,32.9,238.2,1017.9,13.1,16,154.8,13.3,6,10,2024-03-28T07:23:36,2024-03-28T19:58:29,0.62,Clear,Clear conditions throughout the day.,clear-day,"KMBS,KFNT,F3078,72637914845,72637014826,72062900216"
Saginaw,2024-03-29,10.1,-4,2.9,10.1,-7.9,0.7,-5.2,58.2,0,0,0,,0,0,33.5,20.9,275.8,1017.3,0,16,166.3,14.4,6,10,2024-03-29T07:21:49,2024-03-29T19:59:40,0.65,Clear,Clear conditions throughout the day.,clear-day,"KMBS,KFNT,F3078,KCFS,72637914845,72637014826,72212504829,72062900216,MIFRL"
Saginaw,2024-03-30,5.5,0.2,2.6,2.7,-3.7,-0.9,-0.8,78.7,0.357,100,12.5,rain,0,0,27.7,20.4,54.5,1012.1,90.3,15.9,36.5,3.2,1,10,2024-03-30T07:20:02,2024-03-30T20:00:51,0.69,"Rain, Overcast",Cloudy skies throughout the day with rain.,rain,"KMBS,KMOP,KFNT,F3078,72637914845,72637014826,72062900216,KHYX"
Saginaw,2024-03-31,5.2,1.7,3.1,5.2,-1.5,1.5,-0.1,80.2,0,0,0,,0,0,16.6,13.7,38.7,1015.8,99.5,16,45.3,3.9,2,10,2024-03-31T07:18:16,2024-03-31T20:02:02,0.72,Overcast,Cloudy skies throughout the day.,cloudy,"KMBS,KFNT,F3078,72637914845,72637014826,72212504829,72062900216,KHYX"
Saginaw,2024-04-01,8.5,-0.8,4.1,5,-2.5,1,0.3,77.5,0.736,100,12.5,"rain,snow",0,0,43.1,27.6,48.2,1015.6,45.1,15.5,119.8,10.2,6,10,2024-04-01T07:16:29,2024-04-01T20:03:13,0.75,"Snow, Rain, Partially cloudy",Clearing in the afternoon with late afternoon rain or snow.,rain,"KMBS,KFNT,F3078,72637914845,72637014826,72212504829,72062900216"
Saginaw,2024-04-02,6.8,2.8,4.8,4.4,-1.4,0.8,2.8,87.1,9.289,100,54.17,rain,0,0,48.2,33,64.6,1003.5,100,11.9,25.5,2.1,1,10,2024-04-02T07:14:43,2024-04-02T20:04:24,0.79,"Rain, Overcast",Cloudy skies throughout the day with a chance of rain throughout the day.,rain,"KMBS,KFNT,F3078,72637914845,72637014826,72212504829,72062900216"
Saginaw,2024-04-03,7.9,2.3,5.1,5.2,-0.9,1.7,0.8,74.9,0.442,100,4.17,rain,0,0,66.6,27.5,187.4,992,93.7,14.8,60.9,5.1,3,10,2024-04-03T07:12:57,2024-04-03T20:05:35,0.82,"Rain, Overcast",Cloudy skies throughout the day with early morning rain.,rain,"KMBS,KFNT,F3078,72637914845,72637014826,72062900216"
Saginaw,2024-04-04,5.2,1.1,3.4,2,-2.3,0,0.9,83.9,1.324,100,20.83,rain,0,0,48.1,30.6,18.7,1000.7,95,15.6,74.2,6.4,3,10,2024-04-04T07:11:12,2024-04-04T20:06:46,0.86,"Rain, Overcast",Cloudy skies throughout the day with rain in the morning and afternoon.,rain,"KMBS,KFNT,F3078,72637914845,72637014826,72062900216"
Saginaw,2024-04-05,9.8,0.1,4.7,6.3,-4.3,1.2,-2,64.9,0,0,0,,0,0,48.1,31.6,348.7,1015.9,70.6,16,163.2,14.1,8,10,2024-04-05T07:09:27,2024-04-05T20:07:57,0.89,Partially cloudy,Partly cloudy throughout the day.,partly-cloudy-day,"KMBS,KFNT,F3078,72637914845,72637014826,72212504829,72062900216"
Saginaw,2024-04-06,13.8,2.1,7.8,13.8,-1.4,6,-2.2,50.3,0,0,0,,0,0,33.5,19.4,1.5,1022,22.7,16,199.8,17.1,7,10,2024-04-06T07:07:42,2024-04-06T20:09:07,0.93,Partially cloudy,Partly cloudy throughout the day.,partly-cloudy-day,"KMBS,KFNT,F3078,72637914845,72637014826,72212504829,72062900216"
Saginaw,2024-04-07,14.9,-0.4,8.1,14.9,-2,7.7,-1.9,52.7,0,0,0,,0,0,42.5,27.4,107.1,1020.9,12,16,194.4,16.9,7,10,2024-04-07T07:05:58,2024-04-07T20:10:18,0.96,Clear,Clear conditions throughout the day.,clear-day,"KMBS,KFNT,F3078,72637914845,72637014826,72062900216"
Saginaw,2024-04-08,22.8,7.8,13.8,22.8,5.2,12.9,3.5,53.1,2.288,100,8.33,rain,0,0,47.1,32.8,165.1,1014.5,38.8,16,169.3,14.6,7,10,2024-04-08T07:04:15,2024-04-08T20:11:29,0,"Rain, Partially cloudy",Clearing in the afternoon with early morning rain.,rain,"KMBS,KFNT,F3078,72637914845,72637014826,72062900216"
Saginaw,2024-04-09,21.4,9.7,15.3,21.4,7.9,15.1,2.7,44.8,0,0,0,,0,0,57.5,35.2,225.7,1010.9,5.5,16,192.5,16.6,7,10,2024-04-09T07:02:32,2024-04-09T20:12:40,0.03,Clear,Clear conditions throughout the day.,clear-day,"KMBS,KFNT,F3078,72637914845,72637014826,72212504829,72062900216"
Saginaw,2024-04-10,19.4,4.5,12.5,19.4,2.7,11.9,2.3,53,0,0,0,,0,0,25.9,15.2,206.2,1013.8,5.1,16,178.3,15.3,6,10,2024-04-10T07:00:49,2024-04-10T20:13:51,0.06,Clear,Clear conditions throughout the day.,clear-day,"KMBS,KFNT,F3078,72637914845,72637014826,72062900216"
Saginaw,2024-04-11,12.9,7.9,9.5,12.9,3.9,7.4,5.7,78.8,9.631,100,75,rain,0,0,50,33.1,32.9,1002.1,81.4,12.9,34.5,2.8,1,10,2024-04-11T06:59:07,2024-04-11T20:15:02,0.1,"Rain, Partially cloudy",Partly cloudy throughout the day with a chance of rain throughout the day.,rain,"KMBS,KFNT,F3078,72637914845,72637014826,72062900216"
Saginaw,2024-04-12,10,7.2,8.3,6.1,2.8,4.3,4,75.8,8.999,100,62.5,rain,0,0,82.1,47.6,304.2,997.2,87.8,15.3,40.4,3.5,2,10,2024-04-12T06:57:25,2024-04-12T20:16:13,0.13,"Rain, Partially cloudy",Partly cloudy throughout the day with a chance of rain throughout the day.,rain,"KMBS,KFNT,F3078,72637914845,72637014826,72062900216"
Saginaw,2024-04-13,16.7,4.9,10.1,16.7,0.4,8,-1.1,47.5,0,0,0,,0,0,51.8,34.2,282.5,1012.9,7.6,16,204.9,17.5,6,10,2024-04-13T06:55:45,2024-04-13T20:17:23,0.16,Clear,Clear conditions throughout the day.,clear-day,"KMBS,KFNT,F3078,72637914845,72637014826,72062900216"
Saginaw,2024-04-14,24.4,8.4,15.4,24.4,6.1,14.9,4.1,50.2,0,0,0,,0,0,50,28.5,305.2,1005.7,12.7,16,203.1,17.5,6,10,2024-04-14T06:54:04,2024-04-14T20:18:34,0.19,Clear,Clear conditions throughout the day.,clear-day,"KMBS,KFNT,F3078,72637914845,72637014826,72062900216"
Saginaw,2024-04-15,21.6,5.3,12.8,21.6,4.2,12.4,3.3,59.3,0,0,0,,0,0,42.5,29.3,301.7,1014.4,17.5,15.2,210.2,18.1,7,10,2024-04-15T06:52:25,2024-04-15T20:19:45,0.25,Clear,Clear conditions throughout the day.,clear-day,"KMBS,KFNT,F3078,72637914845,72637014826,72062900216"
Saginaw,2024-04-16,16.3,4.2,10.6,16.3,2,9.8,2.2,57.7,0.021,100,4.17,rain,0,0,47.1,31.8,61.3,1020.4,18.6,16,243.8,21.1,8,10,2024-04-16T06:50:46,2024-04-16T20:20:56,0.26,Rain,Clear conditions throughout the day with late afternoon rain.,rain,"KMBS,KFNT,F3078,72637914845,72637014826,72062900216,MIFRL"
Saginaw,2024-04-17,20.7,9.1,13.6,20.7,6.4,13.3,8.8,73,10.55,100,37.5,rain,0,0,70.2,34.8,132.1,1007.5,92.7,15.5,79.5,6.8,7,10,2024-04-17T06:49:08,2024-04-17T20:22:07,0.29,"Rain, Overcast",Cloudy skies throughout the day with a chance of rain throughout the day.,rain,"KMBS,KFNT,F3078,72637914845,72637014826,72062900216,MIFRL"
Saginaw,2024-04-18,14,9.3,11.7,14,6.4,11.3,6.3,69.5,0,0,0,,0,0,47.6,28.6,266,1014.9,90.4,16,104.5,8.9,6,10,2024-04-18T06:47:31,2024-04-18T20:23:18,0.33,Overcast,Cloudy skies throughout the day.,cloudy,"KMBS,KFNT,F3078,72637914845,72637014826,72062900216"
Saginaw,2024-04-19,12.2,7.1,9.6,12.2,4.6,8.1,1.9,62.5,4.27,100,33.33,rain,0,0,59,40.7,268.3,1014.2,53.5,14.9,211.9,18.2,7,10,2024-04-19T06:45:55,2024-04-19T20:24:28,0.36,"Rain, Partially cloudy",Clearing in the afternoon with rain clearing later.,rain,"KMBS,KFNT,F3078,72637914845,72637014826,72062900216"
Saginaw,2024-04-20,7.1,2.3,5.1,4.9,-1.6,1,-4.3,51.1,0,0,0,,0,0,48.9,27.7,272.8,1018.7,97.4,16,98.9,8.2,7,10,2024-04-20T06:44:19,2024-04-20T20:25:39,0.39,Overcast,Cloudy skies throughout the day.,cloudy,"KMBS,KFNT,F3078,72637914845,72637014826,72212504829,72062900216"
Saginaw,2024-04-21,12.8,1.8,7.1,12.8,-1.7,5.1,-4.2,46.4,0,0,0,,0,0,48.1,31.9,270.6,1018.5,43.1,16,156.8,13.4,7,10,2024-04-21T06:42:45,2024-04-21T20:26:50,0.42,Partially cloudy,Partly cloudy throughout the day.,partly-cloudy-day,"KMBS,KFNT,F3078,72637914845,72637014826,72062900216"
Saginaw,2024-04-22,17.9,0.9,9.8,17.9,-2.6,8.7,-2.6,46.6,0,0,0,,0,0,55.7,33.9,214.8,1016.9,1.3,16,195,16.7,7,10,2024-04-22T06:41:11,2024-04-22T20:28:00,0.46,Clear,Clear conditions throughout the day.,clear-day,"KMBS,KFNT,F3078,72637914845,72637014826,72062900216"
Saginaw,2024-04-23,19.1,10.6,14.5,19.1,10.6,14.5,2.9,46.8,1.361,100,12.5,rain,0,0,60.2,41.1,217.7,1007.2,48.7,16,143.7,12.4,6,10,2024-04-23T06:39:38,2024-04-23T20:29:11,0.5,"Rain, Partially cloudy",Clearing in the afternoon with rain.,rain,"KMBS,KFNT,F3078,72637914845,72637014826,72062900216"
Saginaw,2024-04-24,9.7,0.1,4,7.1,-4.4,-0.2,-1.8,66.5,0.713,100,16.67,rain,0,0,46.7,31.9,11.8,1021.1,67.1,15.8,137.6,11.7,7,10,2024-04-24T06:38:07,2024-04-24T20:30:22,0.52,"Rain, Partially cloudy",Partly cloudy throughout the day with rain clearing later.,rain,"KMBS,KFNT,F3078,72637914845,72637014826,72062900216"
Saginaw,2024-04-25,10.3,-2.9,4,10.3,-5.6,2.6,-4.2,57.7,0,0,0,,0,0,20.5,16,54.5,1028.9,0,16,216.2,18.7,7,10,2024-04-25T06:36:36,2024-04-25T20:31:32,0.56,Clear,Clear conditions throughout the day.,clear-day,"KMBS,KFNT,F3078,72637914845,72637014826,72062900216"
Saginaw,2024-04-26,18.1,0.6,9.9,18.1,-2.9,8.7,-1.5,49.9,0,0,0,,0,0,49.8,27.1,119.2,1024.4,7.9,16,207.6,17.9,7,10,2024-04-26T06:35:06,2024-04-26T20:32:42,0.59,Clear,Clear conditions throughout the day.,clear-day,"KMBS,KFNT,F3078,72637914845,72637014826,72212504829,72062900216"
Saginaw,2024-04-27,27.1,10.9,19,27.5,10.9,19,12.6,67.7,7.406,100,37.5,rain,0,0,61.7,42,196.1,1013.1,73.5,15.4,132.2,11.4,6,30,2024-04-27T06:33:38,2024-04-27T20:33:53,0.63,"Rain, Partially cloudy",Partly cloudy throughout the day with rain clearing later.,rain,"KMBS,KFNT,F3078,72637914845,72637014826,72062900216"
Saginaw,2024-04-28,21.7,9.8,14.5,21.7,7.2,14.3,11.9,85.1,3.848,100,37.5,rain,0,0,50,25.5,62.9,1015.7,87.6,15.1,35.9,3.1,2,10,2024-04-28T06:32:10,2024-04-28T20:35:03,0.67,"Rain, Partially cloudy",Partly cloudy throughout the day with rain.,rain,"KMBS,KFNT,F3078,72637914845,72637014826,72062900216"
Saginaw,2024-04-29,21.3,8.6,13.8,21.3,6,12.8,11.3,85.9,3.321,100,25,rain,0,0,51.8,21.8,35.8,1012.2,79.2,11.2,80.8,7,4,30,2024-04-29T06:30:44,2024-04-29T20:36:13,0.7,"Rain, Partially cloudy",Partly cloudy throughout the day with a chance of rain throughout the day.,rain,"KMBS,KFNT,F3078,72637914845,72637014826,72062900216"
Saginaw,2024-04-30,16.6,9.2,14.1,16.6,9.2,14.1,8.3,68.8,0,0,0,,0,0,51.8,26.7,255,1011.7,46.7,16,147.5,12.8,6,10,2024-04-30T06:29:19,2024-04-30T20:37:23,0.74,Partially cloudy,Partly cloudy throughout the day.,partly-cloudy-day,"KMBS,KMOP,KFNT,F3078,72637914845,72637014826,72212504829,72062900216,KHYX"
Saginaw,2024-05-01,25.1,8,16.8,25.1,6.3,16.7,7.2,58,0,0,0,,0,0,62.9,42.8,237.3,1010.8,30.8,16,214.5,18.4,8,10,2024-05-01T06:27:55,2024-05-01T20:38:32,0.75,Partially cloudy,Partly cloudy throughout the day.,partly-cloudy-day,"KMBS,KMOP,KFNT,F3078,72637914845,72637014826,72212504829,72062900216,KHYX"
Saginaw,2024-05-02,20.8,9,14.1,20.8,7.7,14,8.2,68.7,0,0,0,,0,0,31.3,21.8,40,1016.3,10.9,16,203.3,17.7,7,10,2024-05-02T06:26:33,2024-05-02T20:39:42,0.81,Clear,Clear conditions throughout the day.,clear-day,"KMBS,KFNT,F3078,72637914845,72637014826,72062900216"
Saginaw,2024-05-03,21.5,13.3,17.2,21.5,13.3,17.2,13.9,81.9,7.749,100,62.5,rain,0,0,47.3,22.9,132.8,1015.3,80.2,15.4,83.1,7.2,3,10,2024-05-03T06:25:12,2024-05-03T20:40:51,0.84,"Rain, Partially cloudy",Partly cloudy throughout the day with a chance of rain throughout the day.,rain,"KMBS,KFNT,F3078,72637914845,72637014826,72062900216"
Saginaw,2024-05-04,18.8,11.3,13.9,18.8,11.3,13.9,12.1,89.2,0,0,0,,0,0,25.9,19.4,44.9,1016.5,86,9.1,110.8,9.7,6,10,2024-05-04T06:23:52,2024-05-04T20:42:00,0.88,Partially cloudy,Partly cloudy throughout the day.,partly-cloudy-day,"KMBS,KFNT,F3078,72637914845,72637014826,72062900216"
Saginaw,2024-05-05,21.6,12.2,16.7,21.6,12.2,16.7,10.2,68.9,0,0,0,,0,0,27.7,23.5,335.7,1014.7,35.7,14.4,231.2,20,8,10,2024-05-05T06:22:33,2024-05-05T20:43:09,0.91,Partially cloudy,Clearing in the afternoon.,partly-cloudy-day,"KMBS,KFNT,F3078,72637914845,72637014826,72062900216"
Saginaw,2024-05-06,19.3,9.2,13.9,19.3,7.9,13.8,5.2,57.3,0,0,0,,0,0,27.7,21.4,71.9,1018,27.7,16,194,16.7,7,10,2024-05-06T06:21:16,2024-05-06T20:44:17,0.95,Partially cloudy,Clearing in the afternoon.,partly-cloudy-day,"KMBS,KFNT,F3078,72637914845,72637014826,72212504829,72062900216"
Saginaw,2024-05-07,21.1,5.4,13.6,21.1,3.5,13.3,7.6,69.5,4.096,100,16.67,rain,0,0,38.9,25.2,122.5,1007.6,46.8,15.7,115.2,9.8,6,10,2024-05-07T06:20:00,2024-05-07T20:45:25,0,"Rain, Partially cloudy",Partly cloudy throughout the day with rain.,rain,"KMBS,KFNT,F3078,72637914845,72637014826,72212504829,72062900216,KHYX"
Saginaw,2024-05-08,22.8,12.2,16,22.8,12.2,16,10.6,72,0,0,0,,0,0,47.6,31.5,280.1,1004.5,39.9,15.7,188.4,16.4,8,10,2024-05-08T06:18:46,2024-05-08T20:46:33,0.02,Partially cloudy,Partly cloudy throughout the day.,partly-cloudy-day,"KMBS,KFNT,F3078,72637914845,72637014826,72212504829,72062900216"
Saginaw,2024-05-09,14.5,8.7,11.9,14.5,7.2,11.5,7,72.5,0,0,0,,0,0,38.9,25,49.1,1011,27.5,16,94.2,8.2,4,10,2024-05-09T06:17:33,2024-05-09T20:47:40,0.05,Partially cloudy,Becoming cloudy in the afternoon.,partly-cloudy-day,"KMBS,KFNT,F3078,72637914845,72637014826,72062900216"
Saginaw,2024-05-10,17.9,4.2,12.3,17.9,2.2,11.7,3.7,57.9,0,0,0,,0,0,29.5,19.3,293,1011.3,48.6,16,121.8,10.5,5,10,2024-05-10T06:16:22,2024-05-10T20:48:47,0.08,Partially cloudy,Partly cloudy throughout the day.,partly-cloudy-day,"KMBS,KFNT,F3078,72637914845,72637014826,72062900216"
Saginaw,2024-05-11,13.9,9.2,11.5,13.9,7.9,11.5,7.2,75.4,6.399,100,41.67,rain,0,0,53.6,29.3,293.3,1004.9,89.3,14.9,51.6,4.8,2,10,2024-05-11T06:15:13,2024-05-11T20:49:53,0.11,"Rain, Partially cloudy",Partly cloudy throughout the day with a chance of rain throughout the day.,rain,"KMBS,KFNT,F3078,72637914845,72637014826,72062900216"
Saginaw,2024-05-12,22.1,4.8,14,22.1,3.1,13.5,5.9,62.3,0,0,0,,0,0,38.9,27.5,225.2,1010.9,1.9,15.9,239.9,20.7,8,10,2024-05-12T06:14:05,2024-05-12T20:50:59,0.15,Clear,Clear conditions throughout the day.,clear-day,"KMBS,KFNT,F3078,72637914845,72637014826,72062900216"
Saginaw,2024-05-13,26.6,14.5,20,26.6,14.5,20,11.9,61.3,2.252,100,29.17,rain,0,0,52.6,31.8,233.5,1007.3,40.1,15.8,165.7,14.2,7,30,2024-05-13T06:12:58,2024-05-13T20:52:05,0.18,"Rain, Partially cloudy",Becoming cloudy in the afternoon with rain.,rain,"KMBS,KFNT,F3078,72637914845,72637014826,72062900216"
Saginaw,2024-05-14,14.5,10.7,12.7,14.5,10.7,12.7,7.6,71.7,0.025,100,4.17,rain,0,0,35.3,24.1,48.3,1011.5,95.2,15.6,83.6,7.2,3,10,2024-05-14T06:11:54,2024-05-14T20:53:09,0.21,"Rain, Overcast",Cloudy skies throughout the day with morning rain.,rain,"KMBS,KFNT,F3078,72637914845,72637014826,72062900216"
Saginaw,2024-05-15,19.2,11,14.2,19.2,11,14.2,6.6,61.6,0,0,0,,0,0,46.4,31,39.7,1012,45,16,201.3,17.4,7,10,2024-05-15T06:10:51,2024-05-15T20:54:14,0.25,Partially cloudy,Clearing in the afternoon.,partly-cloudy-day,"KMBS,KFNT,F3078,72637914845,72637014826,72062900216"
Saginaw,2024-05-16,24.4,7.4,16.2,24.4,6.3,16,7.2,59,0,0,0,,0,0,24.1,14.5,40.3,1011.2,15.5,16,214.4,18.5,7,10,2024-05-16T06:09:49,2024-05-16T20:55:17,0.28,Clear,Clear conditions throughout the day.,clear-day,"KMBS,KFNT,F3078,72637914845,72637014826,72062900216"
Saginaw,2024-05-17,25,15.6,20.1,25,15.6,20.1,14.8,72.1,0.164,100,4.17,rain,0,0,29.5,17,175.6,1008.7,62.8,15.8,135.1,11.6,6,30,2024-05-17T06:08:50,2024-05-17T20:56:20,0.31,"Rain, Partially cloudy",Partly cloudy throughout the day with late afternoon rain.,rain,"KMBS,KFNT,F3078,72637914845,72637014826,72062900216"
Saginaw,2024-05-18,28.3,13.4,21.2,27.5,13.4,21,12.5,62.7,0,0,0,,0,0,18.4,14.8,189,1011.3,3.5,15.3,269.6,23.6,9,10,2024-05-18T06:07:52,2024-05-18T20:57:23,0.34,Clear,Clear conditions throughout the day.,clear-day,"KMBS,KFNT,F3078,72637914845,72637014826,72062900216"
Saginaw,2024-05-19,30.6,17.7,22.7,29.8,17.7,22.7,14.5,61.8,0,0,0,,0,0,25.9,22.3,221.6,1013.2,9.1,16,230.5,19.9,7,30,2024-05-19T06:06:56,2024-05-19T20:58:24,0.37,Clear,Clear conditions throughout the day.,clear-day,"KMBS,KFNT,F3078,72637914845,72637014826,72062900216"
Saginaw,2024-05-20,25.2,13.2,19.9,25.2,13.2,19.9,12.2,62.1,8.622,100,25,rain,0,0,53.6,21.7,99.1,1013.2,19.8,15.2,161.1,14,6,30,2024-05-20T06:06:02,2024-05-20T20:59:25,0.41,Rain,Clear conditions throughout the day with rain.,rain,"KMBS,KFNT,F3078,72637914845,72637014826,72062900216"
Saginaw,2024-05-21,27.1,17.2,21.8,28.1,17.2,21.9,17.4,77.2,0.986,100,16.67,rain,0,0,29.5,19.3,169.7,1009.7,62.5,15.4,213.5,18.5,7,30,2024-05-21T06:05:10,2024-05-21T21:00:24,0.44,"Rain, Partially cloudy",Partly cloudy throughout the day with early morning rain.,rain,"KMBS,KFNT,F3078,72637914845,72637014826,72062900216"
Saginaw,2024-05-22,26.1,17.7,23.4,26.1,17.7,23.4,14.7,58.5,0,0,0,,0,0,66.4,38.3,227.1,1004.8,15.5,16,227.7,19.4,8,10,2024-05-22T06:04:20,2024-05-22T21:01:23,0.47,Clear,Clear conditions throughout the day.,clear-day,"KMBS,KFNT,F3078,72637914845,72637014826,72062900216"
Saginaw,2024-05-23,25,12.1,19.2,25,12.1,19.2,8.6,53.3,0,0,0,,0,0,46.7,27.5,241.2,1012.1,11.6,16,213.8,18.4,7,10,2024-05-23T06:03:32,2024-05-23T21:02:21,0.5,Clear,Clear conditions throughout the day.,clear-day,"KMBS,KFNT,F3078,72637914845,72637014826,72062900216"
Saginaw,2024-05-24,25.6,10.8,18.8,25.6,10.8,18.8,9,54.9,0,0,0,,0,0,27.7,17.8,94.6,1011.8,2,16,223.2,19.5,9,10,2024-05-24T06:02:45,2024-05-24T21:03:18,0.54,Clear,Clear conditions throughout the day.,clear-day,"KMBS,KFNT,F3078,72637914845,72637014826,72062900216"
Saginaw,2024-05-25,24.4,15.6,19.9,24.4,15.6,19.9,11,59.4,2.704,100,16.67,rain,0,0,38.9,27.1,271.5,1008.8,34.7,16,176.8,15.2,7,10,2024-05-25T06:02:01,2024-05-25T21:04:14,0.57,"Rain, Partially cloudy",Partly cloudy throughout the day with rain clearing later.,rain,"KMBS,KFNT,F3078,72637914845,72637014826,72062900216"
Saginaw,2024-05-26,25.5,12.5,18.7,25.5,12.5,18.7,12.1,69,8.826,100,16.67,rain,0,0,53.6,32.8,102.4,1009.2,16.7,15.6,133.8,11.5,6,10,2024-05-26T06:01:19,2024-05-26T21:05:09,0.61,Rain,Clear conditions throughout the day with late afternoon rain.,rain,"KMBS,72090200298,KFNT,F3078,72637914845,72637014826,72212504829,72062900216"
Saginaw,2024-05-27,17.8,14.9,16,17.8,14.9,16,14,88.1,6.075,100,50,rain,0,0,46.4,25,245.7,1000.4,86.1,12,61.5,5.4,4,10,2024-05-27T06:00:38,2024-05-27T21:06:03,0.65,"Rain, Partially cloudy",Partly cloudy throughout the day with rain.,rain,"KMBS,KFNT,F3078,72637914845,72637014826,72212504829,72062900216"
Saginaw,2024-05-28,22.9,13.3,16.2,22.9,13.3,16.2,12,78.4,16.601,100,37.5,rain,0,0,47.9,29.1,287.1,1011.5,80,15.1,178.2,15.3,8,10,2024-05-28T06:00:00,2024-05-28T21:06:56,0.68,"Rain, Partially cloudy",Partly cloudy throughout the day with rain.,rain,"KMBS,KFNT,F3078,72637914845,72637014826,72062900216"
Saginaw,2024-05-29,17.9,11.6,14.5,17.9,11.6,14.5,8.4,68.8,0.05,100,8.33,rain,0,0,47.9,30.3,34.7,1018.8,17.4,15.8,237.4,20.5,8,10,2024-05-29T05:59:24,2024-05-29T21:07:47,0.72,Rain,Clear conditions throughout the day with rain clearing later.,rain,"KMBS,KFNT,F3078,72637914845,72637014826,72062900216"
Saginaw,2024-05-30,21.6,6.8,14.5,21.6,5.7,14.4,3.8,53.1,0,0,0,,0,0,29.5,11.6,29.8,1023.5,0,16,227.3,19.6,7,10,2024-05-30T05:58:50,2024-05-30T21:08:37,0.75,Clear,Clear conditions throughout the day.,clear-day,"KMBS,KFNT,F3078,72637914845,72637014826,72062900216"
Saginaw,2024-05-31,25,7.8,17.3,25,7.8,17.3,5.9,51.8,0,0,0,,0,0,31.7,19.9,206.8,1023.8,0,16,198.6,17.1,7,10,2024-05-31T05:58:18,2024-05-31T21:09:26,0.79,Clear,Clear conditions throughout the day.,clear-day,"KMBS,KFNT,F3078,72637914845,72637014826,72212504829,72062900216"
Saginaw,2024-06-01,25,12.4,18.6,25,12.4,18.6,9.1,57.9,1.977,100,16.67,rain,0,0,37.1,26.4,174.8,1019.1,21.1,15.6,134.5,11.7,6,10,2024-06-01T05:57:48,2024-06-01T21:10:13,0.83,"Rain, Partially cloudy",Partly cloudy throughout the day with late afternoon rain.,rain,"KMBS,KFNT,F3078,72637914845,72637014826,72062900216"
Saginaw,2024-06-02,23.1,16.1,18.8,23.1,16.1,18.8,15.5,82.1,0.744,100,16.67,rain,0,0,22.3,19,60.6,1013.5,76.2,13.9,81,7,4,10,2024-06-02T05:57:20,2024-06-02T21:10:59,0.86,"Rain, Partially cloudy",Partly cloudy throughout the day with rain clearing later.,rain,"KMBS,KFNT,F3078,72637914845,72637014826,72062900216"
Saginaw,2024-06-03,26.6,12.6,19,26.6,12.6,19,14.2,76.1,0,0,0,,0,0,24.1,16.3,134.2,1013.7,39.6,13.6,165.1,14.4,6,10,2024-06-03T05:56:55,2024-06-03T21:11:44,0.9,Partially cloudy,Partly cloudy throughout the day.,partly-cloudy-day,"KMBS,KFNT,F3078,72637914845,72637014826,72062900216"
Saginaw,2024-06-04,30.5,17.8,24.2,30.6,17.8,24.3,16.3,63.6,0,0,0,,0,0,31.7,21.1,171.4,1010.5,7.5,16,192.2,16.7,7,10,2024-06-04T05:56:31,2024-06-04T21:12:27,0.93,Clear,Clear conditions throughout the day.,clear-day,"KMBS,KFNT,F3078,72637914845,72637014826,72062900216"
Saginaw,2024-06-05,27.7,18.2,23.2,29.3,18.2,23.3,18,72.6,2.531,100,25,rain,0,0,61.2,22.7,184.5,1003,36.8,15.7,100.2,8.8,5,30,2024-06-05T05:56:10,2024-06-05T21:13:09,0.97,"Rain, Partially cloudy",Partly cloudy throughout the day with rain.,rain,"KMBS,KFNT,F3078,72637914845,72637014826,72062900216"
Saginaw,2024-06-06,24.3,16.7,19.3,24.3,16.7,19.3,11.8,63.9,0.357,100,12.5,rain,0,0,62.2,39.6,253.8,1000.6,63.4,15.8,145.1,12.7,7,10,2024-06-06T05:55:51,2024-06-06T21:13:49,0,"Rain, Partially cloudy",Partly cloudy throughout the day with rain.,rain,"KMBS,KFNT,F3078,72637914845,72637014826,72062900216"
Saginaw,2024-06-07,21.5,13.9,17,21.5,13.9,17,9.9,63.8,0.025,100,4.17,rain,0,0,51.8,28.2,272.6,1005,80.3,16,167.7,14.3,8,10,2024-06-07T05:55:34,2024-06-07T21:14:27,0.04,"Rain, Partially cloudy",Partly cloudy throughout the day with afternoon rain.,rain,"KMBS,KFNT,F3078,72637914845,72637014826,72062900216,MIFRL"
Saginaw,2024-06-08,22.2,10,15,22.2,8.7,14.9,10.7,77.7,3.082,100,41.67,rain,0,0,47.9,18.1,267.3,1009.9,46.9,14.7,73.6,6.4,5,10,2024-06-08T05:55:19,2024-06-08T21:15:04,0.07,"Rain, Partially cloudy",Becoming cloudy in the afternoon with rain.,rain,"KMBS,KFNT,F3078,72637914845,72637014826,72062900216"
Saginaw,2024-06-09,21.2,10.6,15.5,21.2,10.6,15.5,10,72.5,0,0,0,,0,0,57.1,34.5,288.4,1007.9,57.2,15.3,197.8,17.1,8,10,2024-06-09T05:55:07,2024-06-09T21:15:39,0.1,Partially cloudy,Partly cloudy throughout the day.,partly-cloudy-day,"KMBS,KFNT,F3078,72637914845,72637014826,72212504829,72062900216"
Saginaw,2024-06-10,21.6,10,14.8,21.6,10,14.8,6.4,59.5,0.251,100,4.17,rain,0,0,37.1,23.2,340.8,1011.8,43.4,16,235,20.3,7,10,2024-06-10T05:54:56,2024-06-10T21:16:12,0.13,"Rain, Partially cloudy",Partly cloudy throughout the day with early morning rain.,rain,"KMBS,KFNT,F3078,72637914845,72637014826,72062900216"
Saginaw,2024-06-11,23.3,6.9,15.9,23.3,5.4,15.8,6.2,57.1,0,0,0,,0,0,14.8,12,216.7,1015.5,0.3,15.5,191.4,16.4,7,10,2024-06-11T05:54:48,2024-06-11T21:16:43,0.17,Clear,Clear conditions throughout the day.,clear-day,"KMBS,KFNT,F3078,72637914845,72637014826,72212504829,72062900216"
Saginaw,2024-06-12,29.2,16.2,22.5,29.3,16.2,22.5,12.1,52.9,0,0,0,,0,0,38.7,24.9,214.8,1012.6,31.7,16,180.6,15.5,8,10,2024-06-12T05:54:42,2024-06-12T21:17:13,0.2,Partially cloudy,Partly cloudy throughout the day.,partly-cloudy-day,"KMBS,KFNT,F3078,72637914845,72637014826,72212504829,72062900216,KHYX"
Saginaw,2024-06-13,30.7,20,25,31.8,20,25.4,16.3,59,0,0,0,,0,0,60.5,38.8,234.9,1008.8,38.2,15.6,121.3,10.4,5,60,2024-06-13T05:54:39,2024-06-13T21:17:41,0.23,Partially cloudy,Partly cloudy throughout the day.,partly-cloudy-day,"KMBS,KFNT,F3078,72637914845,72637014826,72062900216"
Saginaw,2024-06-14,25,14.8,20.6,25,14.8,20.6,11.2,56.3,0,0,0,,0,0,35.3,23.5,23,1015,10.3,16,148.4,12.7,6,10,2024-06-14T05:54:37,2024-06-14T21:18:07,0.25,Clear,Clear conditions throughout the day.,clear-day,"KMBS,KFNT,F3078,72637914845,72637014826,72062900216"
Saginaw,2024-06-15,23.3,12.5,18.3,23.3,12.5,18.3,9.8,59.4,0,0,0,,0,0,31.7,20.9,52.3,1021.6,3.3,16,164.3,14.3,6,10,2024-06-15T05:54:38,2024-06-15T21:18:30,0.29,Clear,Clear conditions throughout the day.,clear-day,"KMBS,KFNT,F3078,72637914845,72637014826,72062900216"
Saginaw,2024-06-16,30,14.8,23.1,28.7,14.8,22.8,10.1,45.6,0,0,0,,0,0,43.5,25.3,162.1,1016.4,1.1,16,161,14,6,10,2024-06-16T05:54:40,2024-06-16T21:18:52,0.33,Clear,Clear conditions throughout the day.,clear-day,"KMBS,KFNT,F3078,72637914845,72637014826,72062900216"
Saginaw,2024-06-17,32.1,21.5,26.4,36.8,21.5,27.9,19.8,67.7,0.515,100,16.67,rain,0,0,50,27.8,200.2,1013.8,23.7,16,132,11.3,6,75,2024-06-17T05:54:45,2024-06-17T21:19:12,0.36,"Rain, Partially cloudy",Partly cloudy throughout the day with rain clearing later.,rain,"KMBS,KFNT,F3078,72637914845,72637014826,72212504829,72062900216,KHYX"
Saginaw,2024-06-18,31.1,23.1,27.7,33.8,23.1,29.1,20.8,67.4,0,0,0,,0,0,43.7,29,201,1017,10.2,16,189,16.4,8,30,2024-06-18T05:54:52,2024-06-18T21:19:30,0.39,Clear,Clear conditions throughout the day.,clear-day,"KMBS,KFNT,F3078,72637914845,72637014826,72212504829,KHYX"
Saginaw,2024-06-19,33.1,25.1,28.6,37,25.1,30.2,20.1,60.5,0,0,0,,0,0,39.2,29.3,217.1,1021.6,19.6,16,183.4,15.9,8,30,2024-06-19T05:55:01,2024-06-19T21:19:46,0.42,Clear,Clear conditions throughout the day.,clear-day,"KMBS,KFNT,F3078,72637914845,72637014826,72212504829,KHYX"
Saginaw,2024-06-20,26.9,19.2,22.4,28.7,19.2,22.4,19,81.9,0,0,0,,0,0,33.5,21.5,28.6,1025.4,44.4,15.9,203.7,17.6,7,10,2024-06-20T05:55:12,2024-06-20T21:20:00,0.46,Partially cloudy,Partly cloudy throughout the day.,partly-cloudy-day,"KMBS,KFNT,F3078,72637914845,72637014826,72212504829,KHYX"
Saginaw,2024-06-21,30.5,17.2,22.1,33.6,17.2,22.6,19.6,86.7,21.675,100,37.5,rain,0,0,46.4,16,42.2,1022.3,60.6,13.4,145.6,12.5,7,30,2024-06-21T05:55:25,2024-06-21T21:20:11,0.5,"Rain, Partially cloudy",Partly cloudy throughout the day with rain.,rain,"KMBS,KFNT,F3078,72637914845,72637014826,72212504829,72062900216,KHYX"
Saginaw,2024-06-22,28.4,20.6,24,31.7,20.6,24.7,21.4,85.9,1.678,100,20.83,rain,0,0,37.1,17.4,193.5,1013.1,77.6,9.1,107.5,9.4,6,30,2024-06-22T05:55:40,2024-06-22T21:20:21,0.52,"Rain, Partially cloudy",Partly cloudy throughout the day with rain.,rain,"KMBS,KFNT,F3078,72637914845,72637014826,72212504829,72062900216,KHYX"
Saginaw,2024-06-23,24.9,21.2,22.9,24.9,21.2,22.9,18.3,76.2,8.297,100,33.33,rain,0,0,55.4,34,281.8,1004,84.4,15.7,146.2,12.8,5,10,2024-06-23T05:55:57,2024-06-23T21:20:28,0.56,"Rain, Partially cloudy",Partly cloudy throughout the day with rain clearing later.,rain,"KMBS,KFNT,F3078,72637914845,72637014826,72212504829,72062900216"
Saginaw,2024-06-24,27.3,16,21.8,27.7,16,21.8,15.5,69.2,0,0,0,,0,0,27.7,15.5,280,1013,18,15.9,262.4,22.7,8,10,2024-06-24T05:56:17,2024-06-24T21:20:33,0.59,Clear,Clear conditions throughout the day.,clear-day,"KMBS,KFNT,F3078,72637914845,72637014826,72212504829,72062900216"
Saginaw,2024-06-25,27.1,18.9,22.8,28.8,18.9,23,18.2,75.7,11.373,100,16.67,rain,0,0,66.2,42.9,228.9,1007.1,33.8,15.2,128.8,11.1,5,60,2024-06-25T05:56:38,2024-06-25T21:20:36,0.63,"Rain, Partially cloudy",Partly cloudy throughout the day with morning rain.,rain,"KMBS,KFNT,F3078,72637914845,72637014826,72212504829,72062900216"
Saginaw,2024-06-26,27.9,17.4,22.2,28.4,17.4,22.2,18.1,80,0.045,100,8.33,rain,0,0,35.3,22,294.4,1007.9,35.3,12,106.5,9.2,6,30,2024-06-26T05:57:01,2024-06-26T21:20:37,0.67,"Rain, Partially cloudy",Partly cloudy throughout the day with afternoon rain.,rain,"KMBS,KFNT,F3078,72637914845,72637014826,72212504829,72062900216"
Saginaw,2024-06-27,21.9,12.9,17.8,21.9,12.9,17.8,9.9,61.7,0,0,0,,0,0,35.3,18.8,354.7,1015,35.1,15.8,265.5,22.9,9,10,2024-06-27T05:57:26,2024-06-27T21:20:36,0.7,Partially cloudy,Partly cloudy throughout the day.,partly-cloudy-day,"KMBS,KFNT,F3078,72637914845,72637014826,72212504829,72062900216"
Saginaw,2024-06-28,21.1,13.4,17.9,21.1,13.4,17.9,11.3,65.6,0.025,100,4.17,rain,0,0,40.7,19.7,158.4,1014.9,49.6,16,60.4,5,4,10,2024-06-28T05:57:52,2024-06-28T21:20:32,0.75,"Rain, Partially cloudy",Partly cloudy throughout the day with late afternoon rain.,rain,"KMBS,KFNT,F3078,72637914845,72637014826,72212504829,72062900216"
Saginaw,2024-06-29,29,18.4,23.5,31.9,18.4,24.2,19.7,80,3.492,100,41.67,rain,0,0,46.7,28.2,233.6,1009.3,73.9,15.2,109.5,9.3,5,30,2024-06-29T05:58:21,2024-06-29T21:20:26,0.77,"Rain, Partially cloudy",Partly cloudy throughout the day with rain clearing later.,rain,"KMBS,KFNT,F3078,72637914845,72637014826,72212504829,72062900216,KHYX"
Saginaw,2024-06-30,21.2,12.1,17,21.2,12.1,17,10.8,67.9,0.729,100,4.17,rain,0,0,47.4,32.8,320.1,1020.1,63.8,16,121.8,10.5,5,10,2024-06-30T05:58:51,2024-06-30T21:20:18,0.81,"Rain, Partially cloudy",Partly cloudy throughout the day with early morning rain.,rain,"KMBS,KFNT,F3078,72637914845,72637014826,72212504829,KHYX"
Saginaw,2024-07-01,24.1,9,17.1,24.1,7.4,17,9.4,63.1,0,0,0,,0,0,18.4,14.4,12.7,1025.3,0.1,16,193,16.6,8,10,2024-07-01T05:59:23,2024-07-01T21:20:08,0.85,Clear,Clear conditions throughout the day.,clear-day,"KMBS,KFNT,F3078,72637914845,72637014826,72212504829,KHYX"
Saginaw,2024-07-02,23,13.1,18.7,23,13.1,18.7,13,70.8,0.276,100,8.33,rain,0,0,37.1,17.8,152.8,1019.6,43.1,16,82.5,7.1,4,10,2024-07-02T05:59:57,2024-07-02T21:19:55,0.88,"Rain, Partially cloudy",Becoming cloudy in the afternoon with rain.,rain,"KMBS,KFNT,F3078,72637914845,72637014826,72212504829,72062900216,KHYX"
Saginaw,2024-07-03,29.4,18.3,23.8,30.1,18.3,24.1,17.1,66.9,1.338,100,8.33,rain,0,0,51.8,24.7,228.1,1011.2,44.1,15.9,113.3,9.7,5,10,2024-07-03T06:00:32,2024-07-03T21:19:40,0.92,"Rain, Partially cloudy",Partly cloudy throughout the day with rain clearing later.,rain,"KMBS,KFNT,F3078,72637914845,72637014826,72212504829,72062900216"
Saginaw,2024-07-04,28,18.2,23.4,29.5,18.2,23.9,17.8,71.7,0.363,100,12.5,rain,0,0,22.3,19.1,231.1,1012.3,14,15.9,159.6,13.9,7,10,2024-07-04T06:01:09,2024-07-04T21:19:23,0.95,Rain,Clear conditions throughout the day with late afternoon rain.,rain,"KMBS,72090200298,KFNT,F3078,72637914845,72637014826,72212504829,72062900216"
Saginaw,2024-07-05,28.6,18.1,22.1,29.4,18.1,22.3,17.9,78.9,11.295,100,25,rain,0,0,57.2,27.4,203.7,1008.8,63.6,12.4,158.9,13.8,6,10,2024-07-05T06:01:48,2024-07-05T21:19:04,0,"Rain, Partially cloudy",Partly cloudy throughout the day with rain.,rain,"KMBS,KFNT,F3078,72637914845,72637014826,72212504829,72062900216"
Saginaw,2024-07-06,25,17.2,20.5,25,17.2,20.5,17.2,82.3,0.387,100,4.17,rain,0,0,25.9,16.1,300.6,1011.5,81.3,13.7,156.8,13.5,7,10,2024-07-06T06:02:28,2024-07-06T21:18:43,0.02,"Rain, Partially cloudy",Partly cloudy throughout the day with morning rain.,rain,"KMBS,KFNT,F3078,72637914845,72637014826,72212504829,72062900216"
Saginaw,2024-07-07,28.3,16.4,22.2,28.3,16.4,22.3,16.3,71.6,0,0,0,,0,0,20.5,10.7,230.3,1016.5,17.1,15,198.3,17.1,8,10,2024-07-07T06:03:09,2024-07-07T21:18:19,0.06,Clear,Clear conditions throughout the day.,clear-day,"KMBS,KFNT,F3078,72637914845,72637014826,72212504829,72062900216"
Saginaw,2024-07-08,28.9,20.5,23.7,30.8,20.5,24.1,18.8,74.9,3.013,100,25,rain,0,0,47.9,16.6,208.3,1015.1,46.1,15.5,129.3,11.3,7,10,2024-07-08T06:03:52,2024-07-08T21:17:53,0.09,"Rain, Partially cloudy",Partly cloudy throughout the day with rain.,rain,"KMBS,KFNT,F3078,72637914845,72637014826,72212504829,72062900216,KHYX"
Saginaw,2024-07-09,29,20.4,24.6,29.9,20.4,25.1,19.3,73.8,0.065,100,4.17,rain,0,0,20.5,12.8,243.7,1012.8,26.9,15.2,152.4,13.2,7,10,2024-07-09T06:04:36,2024-07-09T21:17:25,0.12,"Rain, Partially cloudy",Partly cloudy throughout the day with early morning rain.,rain,"KMBS,72090200298,KFNT,F3078,72637914845,72637014826,72212504829,72062900216,KHYX"
Saginaw,2024-07-10,22.8,18.4,20.4,22.8,18.4,20.4,18.1,86.5,21.415,100,70.83,rain,0,0,51.8,28.3,14.6,1009.3,86.5,13.8,62.9,5.4,3,10,2024-07-10T06:05:22,2024-07-10T21:16:55,0.15,"Rain, Partially cloudy",Partly cloudy throughout the day with a chance of rain throughout the day.,rain,"KMBS,KFNT,F3078,72637914845,72637014826,72212504829,72062900216,KHYX"
Saginaw,2024-07-11,27.3,17.1,22.1,27.4,17.1,22.1,16.1,71.6,0,0,0,,0,0,35.3,15.8,13.3,1017.4,3.5,15.6,247.3,21.5,8,10,2024-07-11T06:06:09,2024-07-11T21:16:23,0.18,Clear,Clear conditions throughout the day.,clear-day,"KMBS,KFNT,F3078,72637914845,72637014826,72212504829,72062900216"
Saginaw,2024-07-12,28.4,16.4,22.4,29.4,16.4,22.7,17.4,74.8,4.848,100,4.17,rain,0,0,18.4,11.7,81.2,1020,25.5,15.9,182.1,15.9,7,30,2024-07-12T06:06:57,2024-07-12T21:15:48,0.22,"Rain, Partially cloudy",Partly cloudy throughout the day with afternoon rain.,rain,"KMBS,KFNT,F3078,72637914845,72637014826,72212504829,72062900216"
Saginaw,2024-07-13,30.9,18.6,24.8,31.7,18.6,25.3,18.7,71.7,0,0,0,,0,0,18.4,13.9,220.3,1020.4,8.3,14.6,216.7,18.8,8,30,2024-07-13T06:07:47,2024-07-13T21:15:12,0.25,Clear,Clear conditions throughout the day.,clear-day,"KMBS,KFNT,F3078,72637914845,72637014826,72212504829,72062900216"
Saginaw,2024-07-14,30.5,21.9,25.6,34.6,21.9,26.6,20.2,72.3,0.751,100,8.33,rain,0,0,37.1,23.6,213.1,1013.4,31.5,16,170,14.7,6,60,2024-07-14T06:08:37,2024-07-14T21:14:33,0.28,"Rain, Partially cloudy",Partly cloudy throughout the day with rain.,rain,"KMBS,KFNT,F3078,72637914845,72637014826,72212504829,72062900216"
Saginaw,2024-07-15,30.1,21.6,25.3,33.4,21.6,26.3,21.1,78.6,6.212,100,25,rain,0,0,38.7,21.2,225.4,1009.1,31.3,15.5,114.2,10.1,6,60,2024-07-15T06:09:29,2024-07-15T21:13:52,0.31,"Rain, Partially cloudy",Clearing in the afternoon with rain clearing later.,rain,"KMBS,KFNT,F3078,72637914845,72637014826,72212504829,72062900216,KHYX"
Saginaw,2024-07-16,28.1,20.3,24.3,30,20.3,24.6,20,77.5,6.766,100,29.17,rain,0,0,47.9,23.7,255.7,1006.8,56.6,15.2,93.9,8,4,30,2024-07-16T06:10:21,2024-07-16T21:13:09,0.35,"Rain, Partially cloudy",Partly cloudy throughout the day with a chance of rain throughout the day.,rain,"KMBS,KFNT,F3078,72637914845,72637014826,72212504829,72062900216,KHYX"
Saginaw,2024-07-17,26.6,17.4,21.7,26.6,17.4,21.7,14.8,67,0.066,100,8.33,rain,0,0,42.5,25.7,309.2,1012.2,31.6,16,122.5,10.7,5,10,2024-07-17T06:11:15,2024-07-17T21:12:24,0.38,"Rain, Partially cloudy",Partly cloudy throughout the day with afternoon rain.,rain,"KMBS,KFNT,F3078,72637914845,72637014826,72212504829,72062900216"
Saginaw,2024-07-18,22.4,13.1,18.2,22.4,13.1,18.2,12,69.2,0,0,0,,0,0,29.5,18.2,345.2,1019.8,23.8,16,129.3,11.2,5,10,2024-07-18T06:12:10,2024-07-18T21:11:37,0.41,Partially cloudy,Becoming cloudy in the afternoon.,partly-cloudy-day,"KMBS,KMOP,KFNT,F3078,KD95,72637914845,72637014826,72212504829,72062900216,KHYX"
Saginaw,2024-07-19,26.1,12.9,19.7,26.1,12.9,19.7,12.6,67,0,0,0,,0,0,29.5,13.1,238.2,1021.1,2.4,16,132.1,11.4,5,10,2024-07-19T06:13:05,2024-07-19T21:10:49,0.44,Clear,Clear conditions throughout the day.,clear-day,"KMBS,KFNT,F3078,72637914845,72637014826,72212504829,72062900216,KHYX"
Saginaw,2024-07-20,27.4,14.1,21.4,27.9,14.1,21.5,14.7,68,0,0,0,,0,0,22.3,14.5,234.2,1018.8,14.6,16,135.9,11.6,5,10,2024-07-20T06:14:02,2024-07-20T21:09:58,0.48,Clear,Clear conditions throughout the day.,clear-day,"KMBS,KFNT,F3078,72637914845,72637014826,72212504829,72062900216,KHYX"
Saginaw,2024-07-21,26.9,17.1,21.9,27.8,17.1,22,17.5,76.7,0.025,100,4.17,rain,0,0,20.5,13.7,341.1,1018.9,44.4,16,110.4,9.6,5,30,2024-07-21T06:14:59,2024-07-21T21:09:05,0.5,"Rain, Partially cloudy",Partly cloudy throughout the day with morning rain.,rain,"KMBS,KFNT,F3078,72637914845,72637014826,72212504829,72062900216,KHYX"
Saginaw,2024-07-22,27.4,16.4,21,28.2,16.4,21.1,17,79.2,6.299,100,20.83,rain,0,0,14.8,16.4,98.5,1016.9,57.8,15.9,95.1,8.4,6,30,2024-07-22T06:15:57,2024-07-22T21:08:10,0.54,"Rain, Partially cloudy",Clearing in the afternoon with rain.,rain,"KMBS,KFNT,F3078,72637914845,72637014826,72212504829,72062900216,KHYX"
Saginaw,2024-07-23,28.7,17.1,22.3,28.4,17.1,22.3,16.8,74.6,2.855,100,29.17,rain,0,0,50,15.1,212.6,1015.9,37.4,14.4,181.5,15.8,6,10,2024-07-23T06:16:56,2024-07-23T21:07:14,0.58,"Rain, Partially cloudy",Partly cloudy throughout the day with rain.,rain,"KMBS,KMOP,KFNT,F3078,KD95,KCFS,72637914845,72637014826,72212504829,72062900216,KHYX"
Saginaw,2024-07-24,24.9,18,21.3,24.9,18,21.3,17,77.8,1.138,100,12.5,rain,0,0,25.9,21.8,298.8,1017.4,75.7,15.8,98,8.6,4,10,2024-07-24T06:17:55,2024-07-24T21:06:15,0.62,"Rain, Partially cloudy",Partly cloudy throughout the day with early morning rain.,rain,"KMBS,KMOP,KFNT,F3078,KD95,KCFS,KHYX"
Saginaw,2024-07-25,25.1,14.9,19.9,25.1,14.9,19.9,14.1,71.8,0,0,0,,0,0,37.1,14.1,337.4,1022.4,39.3,15.9,179.9,15.6,7,10,2024-07-25T06:18:55,2024-07-25T21:05:15,0.65,Partially cloudy,Clearing in the afternoon.,partly-cloudy-day,"KMBS,KMOP,KFNT,F3078,KD95,KCFS,KHYX"
Saginaw,2024-07-26,26.1,13.2,20.1,26.1,13.2,20.1,12.3,65.2,0,0,0,,0,0,14.8,14.1,82.8,1023.2,5.5,16,235.6,20.4,8,10,2024-07-26T06:19:56,2024-07-26T21:04:13,0.69,Clear,Clear conditions throughout the day.,clear-day,"KMBS,KMOP,KFNT,F3078,KD95,KCFS,KHYX"
